Date,Content,Source
2024-07-24 20:38:00,"Ban Tổ chức Lễ tang sẽ tạo điều kiện sắp xếp cho nhân dân vào viếng Tổng Bí thư. Khi đến viếng, người dân mang theo thẻ căn cước công dân gắn chip điện tử hoặc điện thoại di động cài đặt VNeID kích hoạt mức độ 2 để quét mã QR.",https://thanhnien.vn/nhan-dan-co-the-truc-tiep-den-vieng-tong-bi-thu-nguyen-phu-trong-nhu-the-nao-185240724201732522.htm
2024-07-24 22:07:00,"Tổng Bí thư Nguyễn Phú Trọng đã cống hiến không biết mệt mỏi cả cuộc đời vì đất nước và vì nhân dân Việt Nam cho đến hơi thở cuối cùng. Đó là những lời xúc động trong bức tâm thư của Phu nhân Tổng Bí thư Lào Naly Sisoulith gửi Phu nhân Tổng Bí thư Nguyễn Phú Trọng, bà Ngô Thị Mận.",https://thanhnien.vn/phu-nhan-tong-bi-thu-lao-gui-thu-tay-chia-buon-den-phu-nhan-tong-bi-thu-nguyen-phutrong-185240724214044321.htm
2024-07-24 20:41:00,"Hôm nay, lãnh đạo các nước tiếp tục gửi điện, thư, thông điệp chia buồn tới Đảng, Nhà nước, nhân dân Việt Nam và gia đình Tổng Bí thư Nguyễn Phú Trọng.",https://thanhnien.vn/lanh-dao-cac-nuoc-chia-buon-tong-bi-thu-nguyen-phu-trong-tu-tran-185240724200005688.htm
2024-07-24 20:23:00,"Thủ tướng Chính phủ Phạm Minh Chính yêu cầu Chủ tịch UBND tỉnh Sơn La trực tiếp chỉ đạo khắc phục nhanh hậu quả mưa lũ, sạt lở đất do ảnh hưởng của bão số 2. Cạnh đó, xác định các trường hợp mất tích để tìm kiếm với tinh thần khẩn trương nhất.",https://thanhnien.vn/9-nguoi-chet-va-mat-tich-do-mua-lu-o-son-la-thu-tuong-chi-dao-khan-185240724200128767.htm
2024-07-24 19:24:00,"Trong 2 ngày Quốc tang Tổng Bí thư Nguyễn Phú Trọng, thủ đô Hà Nội và TP.HCM vừa có nắng, vừa có mưa, mưa rào và giông.",https://thanhnien.vn/thoi-tiet-ha-noi-va-tphcm-trong-2-ngay-quoc-tang-185240724185103191.htm
2024-07-24 17:55:00,"Với những biến động trong đảng Dân chủ, Phó tổng thống Mỹ Kamala Harris không có nhiều thời gian để quyết định người đồng hành trên đường đua tranh cử.",https://thanhnien.vn/dang-dan-chu-chay-dua-voi-thoi-gian-tim-pho-tuong-cho-ba-harris-185240724172959397.htm
2024-07-24 17:48:00,"Thứ trưởng Bộ KH-ĐT Trần Duy Đông được điều động, chỉ định giữ chức Phó bí thư Tỉnh ủy Vĩnh Phúc nhiệm kỳ 2020 - 2025.",https://thanhnien.vn/thu-truong-bo-kh-dt-tran-duy-dong-giu-chuc-pho-bi-thu-tinh-uy-vinh-phuc-185240724171554596.htm
2024-07-24 18:26:00,Phó thủ tướng Trần Lưu Quang đã ký Quyết định số 707/QĐ-TTg phê chuẩn kết quả miễn nhiệm chức vụ Chủ tịch UBND tỉnh Bắc Ninh nhiệm kỳ 2021 - 2026 với bà Nguyễn Hương Giang.,https://thanhnien.vn/chinh-phu-phe-chuan-mien-nhiem-chu-tich-ubnd-tinh-bac-ninh-nguyen-huong-giang-185240724182046603.htm
2024-07-24 18:39:00,"Đêm 23.7.2024 là một đêm không ngủ của nhiều người dân tại huyện Chương Mỹ, thành phố Hà Nội. Mưa lớn kéo dài, nước lũ trên sông Bùi dâng cao khiến nhiều nhà dân ngập nặng, hối hả chạy lũ lúc rạng sáng.",https://thanhnien.vn/flycam-nuoc-song-bui-dang-nhanh-nhu-duoi-nguoi-ha-noi-hoi-ha-chay-lu-185240724180604488.htm
2024-07-24 21:18:00,"Người dân, người nhà bệnh nhân tại khu vực Bệnh viện K cơ sở Tân Triều (Hà Nội) khổ sở vì tuyến đường đi qua đây ngập nước cả ngày chưa rút.",https://thanhnien.vn/kho-so-vi-duong-pho-ha-noi-ngap-ca-ngay-khong-rut-185240724205308536.htm
2024-07-24 18:58:00,"Công an tỉnh Quảng Ngãi xử phạt H.V.T (29 tuổi) 7,5 triệu vì đăng thông tin sai sự thật, phủ nhận những thành tựu, đóng góp to lớn của Tổng Bí thư Nguyễn Phú Trọng.",https://thanhnien.vn/phat-mot-ca-nhan-dang-thong-tin-sai-su-that-ve-tong-bi-thu-nguyen-phu-trong-185240724173954791.htm
2024-07-24 20:53:00,Có thông tin một sĩ quan tình báo quân sự Nga và vợ đã bị thương nặng sau khi chiếc xe hơi của họ phát nổ tại Moscow ngày 24.7.,https://thanhnien.vn/xem-vu-no-xe-tai-moscow-lam-bi-thuong-nang-si-quan-tinh-bao-nga-185240724201545074.htm
2024-07-24 19:28:00,"Chiều 24.7, công tác chuẩn bị Quốc tang Tổng Bí thư Nguyễn Phú Trọng tại Hội trường Thống Nhất (số 135 Nam Kỳ Khởi Nghĩa, P.Bến Nghé, Q.1) cơ bản hoàn tất.",https://thanhnien.vn/tphcm-chuan-bi-chu-dao-quoc-tang-tong-bi-thu-nguyen-phu-trong-185240724183625234.htm
2024-07-24 22:18:00,"Đội Olympic Argentina suýt nhận cú sốc trong trận ra quân bảng B khi may mắn hòa Ma Rốc 2-2 thuộc khuôn khổ môn bóng đá nam tại Olympic 2024 diễn ra tối 24.7. Tại bảng C, Tây Ban Nha nhọc nhằn vượt qua Uzbekistan 2-1.",https://thanhnien.vn/bong-da-nam-olympic-2024-argentina-may-man-tranh-that-bai-soc-ngay-ra-quan-185240724221228206.htm
2024-07-24 20:25:00,"Ngày 24.7, Công ty 732 (Binh đoàn 15) đã tổ chức khánh thành, bàn giao, đưa vào sử dụng 6 ngôi nhà tình nghĩa, nhà đồng đội cho các gia đình chính sách và hộ nghèo trên địa bàn H.Ngọc Hồi, Kon Tum.",https://thanhnien.vn/tang-6-nha-tinh-nghia-nha-dong-doi-cho-gia-dinh-chinh-sach-ho-ngheo-185240724180005424.htm
2024-07-24 20:00:00,'Xem nhanh 20h' ngày 24.7 có nhiều tin tức đáng chú ý về: ASEAN ra tuyên bố chung chia buồn Tổng Bí thư Nguyễn Phú Trọng từ trần; Chủ tịch Quốc hội Cuba đến Hà Nội dự lễ tang Tổng Bí thư Nguyễn Phú Trọng; Tổng Bí thư Nguyễn Phú Trọng trong ký ức người thầy;...,https://thanhnien.vn/xem-nhanh-20h-ngay-247-tuoi-hoc-tro-cua-tong-bi-thu-nguyen-phu-trong-chu-tich-quoc-hoi-cuba-den-ha-noi-185240724185726157.htm
2024-07-24 20:00:00,Thí sinh cần lọc ra và sắp xếp chọn lọc các nguyện vọng trước khi thực hiện việc đăng ký (nguyện vọng trúng tuyển sớm và nguyện vọng đăng ký mới).,https://thanhnien.vn/bi-quyet-sap-xep-nguyen-vong-theo-diem-hoc-ba-hoac-diem-thi-cho-thi-sinh-xet-tuyen-dai-hoc-18524072417441385.htm
2024-07-24 19:35:00,2 cung thủ Việt Nam sẽ khởi đầu Olympic 2024 bằng trận ra quân vòng loại xếp hạng vào ngày 25.7 khi Đỗ Thị Ánh Nguyệt sẽ tranh với VĐV Slovenia. Còn Lê Quốc Phong gặp VĐV Ukraine.,https://thanhnien.vn/ban-cung-linh-an-tien-phong-lo-dien-cac-doi-thu-cuc-manh-cua-anh-nguyet-va-quoc-phong-185240724183213001.htm
2024-07-24 04:14:00,"Chuẩn bị năm học mới, sách giáo khoa giả một lần nữa trở thành vấn đề khiến nhiều phụ huynh lo ngại. Sự lo ngại là không thừa khi sách giáo khoa giả có chất lượng in kém có thể ảnh hưởng đến thị lực học sinh, hay thông tin không chuẩn xác ảnh hưởng đến việc tiếp thu kiến thức.",https://thanhnien.vn/khong-chi-la-chuyen-sach-gia-185240723212640279.htm
2024-07-24 11:19:00,"Tại kỳ họp thứ 24, HĐND tỉnh Bình Thuận khóa X vừa qua, một vấn đề được cử tri và nhiều đại biểu HĐND tỉnh quan tâm, chất vấn đó là tình trạng trẻ ngồi nhầm lớp.",https://thanhnien.vn/dung-de-tre-ngoi-nham-lop-185240723185116747.htm
2024-07-24 19:05:00,"Vụ va chạm giữa xe tải và xe máy ở TX.Phú Mỹ (Bà Rịa - Vũng Tàu) khiến người phụ nữ tử vong tại chỗ, kẹt dưới cabin.",https://thanhnien.vn/va-cham-voi-xe-tai-nguoi-phu-nu-tu-vong-ket-duoi-cabin-185240724181405476.htm
2024-07-24 16:52:00,"Mưa lớn tại TP.Sơn La từ đêm qua khiến nước lũ cuồn cuộn đổ về, nhiều nơi tại đây ngập sâu, ảnh hưởng lớn đến việc đi lại của người dân.",https://thanhnien.vn/toan-canh-tpson-la-ngap-lut-boi-mua-lu-185240724154255982.htm
2024-07-24 22:23:00,"Những chuyên gia thăm dò ước tính mỏ Mes Aynak, cách thủ đô Kabul khoảng 40 km về phía đông nam, chứa 11,5 triệu tấn quặng đồng.",https://thanhnien.vn/trung-quoc-dong-tho-khai-thac-mo-dong-lon-hang-dau-the-gioi-tai-afghanistan-18524072421590416.htm
2024-07-24 21:52:00,"Sau khi gây thiệt hại tại Philippines, siêu bão Gaemi tiếp tục khiến nhiều khu vực ở Đài Loan, Trung Quốc đại lục và Nhật Bản phải gấp rút ứng phó.",https://thanhnien.vn/dai-loan-dong-cua-cong-so-truong-hoc-vi-sieu-bao-gaemi-185240724213441658.htm
2024-07-24 20:50:00,"Đó là nhìn nhận của Ban Chỉ đạo phòng, chống tham nhũng, tiêu cực tỉnh Lâm Đồng trong phiên họp hôm nay 24.7. Ban này cũng đưa vụ Đồi Cù vào diện theo dõi, chỉ đạo…",https://thanhnien.vn/lam-dong-tham-nhung-tieu-cuc-con-dien-bien-phuc-tap-185240724201941187.htm
2024-07-24 20:37:00,"Lợi dụng đêm khuya kèm thời tiết mưa gió, kẻ gian đã chặt phá vườn chuối của một hộ nông dân tại xã Thanh Khê (H.Thanh Hà, Hải Dương).",https://thanhnien.vn/ke-gian-pha-hoai-vuon-chuoi-cua-nguoi-dan-185240724195615325.htm
2024-07-24 20:14:00,Công an tỉnh Quảng Ninh vừa khởi tố đối tượng cầm đầu đường dây đưa người trốn sang Hàn Quốc bằng hình thức du lịch.,https://thanhnien.vn/bat-doi-tuong-cam-dau-duong-day-dua-nguoi-tron-sang-han-quoc-185240724181635008.htm
2024-07-24 20:03:00,"Quân đội Israel tiếp tục chiến dịch truy quét Hamas tại Dải Gaza, trong bối cảnh Thủ tướng Israel Benjamin Netanyahu công du Mỹ.",https://thanhnien.vn/israel-tan-cong-thanh-pho-khan-younis-o-gaza-khien-hon-120-nguoi-thiet-mang-185240724195424811.htm
2024-07-24 20:20:00,"Chỉ bằng mắt thường, người Việt Nam có cơ hội được chiêm ngưỡng cuộc giao hội kỳ thú giữa mặt trăng và sao Thổ ngay trong đêm nay và rạng sáng mai (24 - 25.7).",https://thanhnien.vn/toi-nay-nguoi-viet-hay-nhin-len-troi-ngam-mat-trang-va-sao-tho-giao-hoi-185240723124618274.htm
2024-07-24 18:16:00,Đội tuyển bóng chuyền nữ Việt Nam để thua ngược đáng tiếc trước đại diện đến từ Hàn Quốc và không thể góp mặt ở bán kết giải bóng chuyền nữ quốc tế Thượng Hải Future 2024.,https://thanhnien.vn/doi-tuyen-bong-chuyen-nu-viet-nam-thua-nguoc-dang-tiec-clb-han-quoc-khong-vao-ban-ket-185240724180841165.htm
2024-07-24 17:56:00,"T.Ư Đoàn cho biết, đến ngày 24.7, đã nhận được 15 thư chia buồn từ các tổ chức thanh niên trên toàn thế giới gửi tới T.Ư Đoàn, T.Ư Hội Liên hiệp Thanh niên Việt Nam chia sẻ về Tổng Bí thư Nguyễn Phú Trọng từ trần.",https://thanhnien.vn/15-to-chuc-thanh-nien-the-gioi-chia-buon-tong-bi-thu-nguyen-phu-trong-tu-tran-185240724173115157.htm
2024-07-24 17:18:00,"Dự án có tổng kinh phí hơn 1 triệu USD của UNFPA, nhằm hỗ trợ về tài chính và kỹ thuật cho T.Ư Đoàn trong việc thực hiện và giám sát thực hiện các chính sách về phát triển toàn diện thanh niên Việt Nam.",https://thanhnien.vn/trien-khai-du-an-hon-1-trieu-usd-ho-tro-phat-trien-thanh-nien-viet-nam-185240724160301514.htm
2024-07-24 16:00:00,"Không chỉ điển trai mà Ngô Nhật Nguyên, sinh viên Trường ĐH Kinh tế (ĐH Đà Nẵng) còn có thành tích học tập vô cùng ấn tượng. Sau khi chinh phục danh hiệu Nam vương của cuộc thi Đại sứ sinh viên ĐH Đà Nẵng, chàng trai này vừa tốt nghiệp đại học với tấm bằng loại xuất sắc.",https://thanhnien.vn/nam-vuong-sinh-vien-dep-trai-hoc-gioi-va-so-huu-nhieu-thanh-tich-an-tuong-185240724151224285.htm
2024-07-24 15:24:00,"Không phải ngẫu nhiên mà nhiều người gọi Nguyễn Mỹ Trân, cựu học sinh lớp 12 KC5, Trường phổ thông năng khiếu (ĐH Quốc gia TP.HCM) được gọi là ""con nhà người ta"". Bởi lẽ cô gái này được ngưỡng mộ khi dành nhiều thành tích cao trong học tập.",https://thanhnien.vn/nu-sinh-duoc-goi-la-con-nha-nguoi-ta-185240724144257145.htm
2024-07-24 14:08:00,"Ngày vía Quán Thế Âm thành đạo (ngày 19.6 âm lịch) tưởng nhớ vị bồ tát tu hạnh từ bi, cứu khổ chúng sinh đồng thời nhắc nhở mọi người sống thiện, chân thật.",https://thanhnien.vn/ngay-via-quan-the-am-thanh-dao-196-am-lich-song-thien-song-tot-va-binh-an-185240724125240271.htm
2024-07-24 12:33:00,"Sau nhiều ngày cải tạo, nâng cấp, hẻm 2333 đường Phạm Thế Hiển (Q.8, TP.HCM) đã khoác lên mình diện mạo mới. Nhìn con hẻm khang trang, người dân nói 'như trúng số'.",https://thanhnien.vn/vu-nguoi-phu-nu-can-tro-nang-hem-o-tphcm-dien-mao-moi-cua-con-hem-185240724121934707.htm
2024-07-24 09:44:00,"Những clip chủ một quán bún riêu tại Hà Nội bất ngờ tặng phần ăn miễn phí cho shipper đến quán nhận món đem giao, thu về hàng triệu lượt xem trên mạng xã hội.",https://thanhnien.vn/cau-chuyen-am-long-cua-ong-chu-quan-bun-rieu-18524072321422748.htm
2024-07-24 14:08:00,Google bất ngờ 'quay xe' trong kế hoạch loại bỏ cookie bên thứ ba đối với trình duyệt Chrome. Điều này khiến cho người dùng iPhone càng có lý do nên sử dụng trình duyệt web Safari trên máy.,https://thanhnien.vn/ly-do-khien-nguoi-dung-iphone-chon-safari-thay-vi-chrome-185240724090259326.htm
2024-07-24 20:28:00,"Samsung được cho là đã tăng cường hoạt động sản xuất nhẫn thông minh Galaxy Ring sau những thành công ở giai đoạn đặt trước, đặc biệt tại thị trường Trung Quốc.",https://thanhnien.vn/doanh-so-kha-quan-samsung-muon-tang-cuong-san-xuat-galaxy-ring-185240724175144999.htm
2024-07-24 20:09:00,"Sau 10 năm lăn bánh, chiếc Hyundai Santa Fe 2014 phiên bản máy xăng tiêu chuẩn được rao bán lại với giá hơn 400 triệu đồng tại thị trường xe cũ.",https://thanhnien.vn/hyundai-santa-fe-2014-gia-hon-400-trieu-dong-sau-10-nam-su-dung-185240716144047974.htm
2024-07-24 19:23:00,"Với doanh số đạt hơn 23.000 xe, chiếm đến hơn 18% thị phần, Toyota tiếp tục duy trì vị thế dẫn đầu thị trường ô tô du lịch Việt Nam trong nửa đầu năm 2024.",https://thanhnien.vn/chay-nuoc-rut-ngoan-muc-toyota-dan-dau-thi-truong-xe-du-lich-nua-dau-nam-2024-185240724171215187.htm
2024-07-24 19:10:00,"Thay vì vứt bỏ bên bờ, lá dâu tây được thu gom, xử lý trở thành phân bón hữu cơ tái phục vụ sản xuất và góp phần bảo vệ môi trường.",https://thanhnien.vn/bien-la-dau-tay-thanh-phan-bon-huu-co-185240724145428212.htm
2024-07-24 16:56:00,"""Smartphone mà mình muốn mua cần bao nhiêu RAM?"". Đây là câu hỏi mà nhiều người đặt ra mỗi khi có kế hoạch mua sắm trong những năm qua bởi nó có thể ảnh hưởng đến hiệu suất thiết bị về lâu dài.",https://thanhnien.vn/dung-lau-dai-nen-mua-smartphone-co-bao-nhieu-ram-18524072413135189.htm
2024-07-24 14:56:00,"Sức mua giảm cùng áp lực cạnh tranh đến từ mẫu mã mới như Hyundai Palisade hay VinFast VF 9 khiến một số mẫu xe trong phân khúc SUV 7 chỗ tầm giá trên 2 tỉ đồng như Ford Explorer, Volkswagen Touareg… tiếp tục được đại lý mạnh tay giảm giá.",https://thanhnien.vn/suv-7-cho-gia-tren-2-ti-ford-explorer-volkswagen-touareg-giam-gia-manh-18524072322234373.htm
2024-07-24 14:17:00,"Giống như mọi nhà sản xuất smartphone Android khác, Samsung đang tập trung vào việc tích hợp trí tuệ nhân tạo (AI) vào các sản phẩm của mình.",https://thanhnien.vn/samsung-huong-den-dien-thoai-ai-khac-biet-hoan-toan-185240724135628222.htm
2024-07-24 18:14:00,"Suốt nhiều năm qua, tấm ảnh chụp cùng Tổng Bí thư Nguyễn Phú Trọng luôn được nghệ nhân Bùi Thế Mạnh treo ở nơi cao nhất, trang trọng nhất trong nhà bởi với ông, bức ảnh là “báu vật” của gia đình.",https://thanhnien.vn/nghe-nhan-bui-the-manh-ke-ve-buc-anh-bau-vat-chup-cung-tong-bi-thu-nguyen-phu-trong-185240724180543253.htm
2024-07-24 19:22:00,"Đi bắt dế, nhóm 5 người ở xã Mường Bú, huyện Mường La, tỉnh Sơn La, bị mắc kẹt nhiều giờ đồng hồ giữa dòng nước lũ, được đại úy Lò Văn Chiến và đồng đội cứu giúp, đưa vào bờ an toàn.",https://thanhnien.vn/dai-uy-cong-an-son-la-lao-ra-dong-nuoc-lu-dua-5-nguoi-vao-bo-185240724191722922.htm
2024-07-24 14:39:00,"Do mưa lớn kéo dài 1 ngày nên nhiều tuyến phố tại Hà Nội sáng 24.7 chìm trong biển nước, nhiều khu vực ngập sâu khoảng nửa mét, có nhà dân nước ngập sát giường ngủ.",https://thanhnien.vn/toan-canh-tran-mua-lon-o-ha-noi-nuoc-ngap-nua-ngay-khong-rut-xe-chet-may-la-liet-185240724141555524.htm
2024-07-24 07:33:00,"Giữa sự ồn ào, náo nhiệt của thành phố, vẫn có những""góc nhỏ bình yên"" tại trang trại bò sữa của ông Ngọc. Nơi đây không chỉ là nơi cung cấp nguồn sữa tươi, mà còn là mái ấm của cả gia đình gắn bó với nghề nuôi bò sữa đã hơn 40 năm.",https://thanhnien.vn/goc-nho-binh-yen-giua-sai-gon-ca-gia-dinh-song-bang-nghe-nuoi-bo-sua-lam-nong-o-sai-gon-ky-3-185240709231421476.htm
2024-07-24 21:12:00,"Dù vị cán bộ đã xưng 'công an đây', nhưng người đàn ông vẫn dùng dao đâm cán bộ này nhiều nhát.",https://thanhnien.vn/phat-tu-bi-cao-vac-dao-den-tru-so-cong-an-phuong-dam-can-bo-trong-thuong-185240724204904736.htm
2024-07-24 09:26:00,"Nếu sử dụng máy tính hằng ngày, nhiều người có lẽ từng đặt ra câu hỏi liệu mình có nên tắt máy tính mỗi đêm hay chỉ cần chuyển sang chế độ ngủ là được.",https://thanhnien.vn/co-nen-tat-may-tinh-moi-dem-18524072206334504.htm
2024-07-24 12:00:00,Microsoft tuyên bố thỏa thuận với Liên minh châu Âu (EU) là một trong những nguyên nhân tạo ra sự cố CrowdStrike.,https://thanhnien.vn/microsoft-noi-gi-ve-nguyen-nhan-dan-den-su-co-crowdstrike-185240724091400293.htm
2024-07-24 11:54:00,"Microsoft Designer vừa ra mắt trên iPhone, thách thức Apple Intelligence trong cuộc đua AI (trí tuệ nhân tạo).",https://thanhnien.vn/microsoft-mang-tinh-nang-tao-hinh-anh-ai-len-iphone-18524072409403079.htm
2024-07-24 08:14:00,Báo cáo mới nhất trong ngành hé lộ chiếc iPhone màn hình gập đầu tiên sẽ có thiết kế gập dọc giống với Galaxy Z Flip.,https://thanhnien.vn/iphone-man-hinh-gap-ra-mat-vao-nam-2026-185240723220401676.htm
2024-07-24 08:07:00,"Galaxy Z Flip6 đã được ‘phẫu thuật’, phát hiện thỏi pin lớn hơn và buồng hơi làm mát hoàn toàn mới.",https://thanhnien.vn/co-gi-ben-trong-samsung-galaxy-z-flip6-185240723222504266.htm
2024-07-24 16:15:00,"AWS vừa công bố App Studio - một dịch vụ được hỗ trợ bởi trí tuệ nhân tạo (AI) tạo sinh, sử dụng ngôn ngữ tự nhiên để tạo ra các ứng dụng cho doanh nghiệp.",https://thanhnien.vn/aws-ra-mat-app-studio-su-dung-ai-tao-phan-mem-cho-doanh-nghiep-18524072416055291.htm
2024-07-24 13:05:00,"Trong khuôn khổ chương trình hội nghị chiến lược của Trường đại học CMC, ông Nguyễn Trung Chính - Chủ tịch Tập đoàn công nghệ CMC đã chính thức ra mắt mô hình ""AI University"".",https://thanhnien.vn/truong-dai-hoc-cmc-chinh-thuc-ra-mat-ai-university-185240724132245408.htm
2024-07-24 09:09:00,Nvidia được đồn đoán sẽ dời thời điểm ra mắt dòng card đồ họa RTX 5000 Series đến hội nghị CES 2025.,https://thanhnien.vn/se-khong-co-card-rtx-5000-series-nao-ra-mat-trong-nam-nay-185240722221334456.htm
2024-07-24 09:05:00,MediaTek tiếp tục cho thấy khả năng của mình trong việc cạnh tranh với Qualcomm trong lĩnh vực chip di động khi giới thiệu một mẫu chip mới có sức mạnh vượt qua đối thủ chính của nó.,https://thanhnien.vn/mediatek-lai-tung-chip-moi-gay-lo-lang-cho-qualcomm-185240724085411109.htm
2024-07-24 17:51:00,"Giáo viên cần tôn trọng quyền riêng tư của học sinh và gia đình; tôn trọng tuyệt đối các thông tin cá nhân của gia đình trẻ trong các cuộc trao đổi riêng với cha mẹ, không kể với người khác các thông tin riêng về trẻ, gia đình trẻ và những chia sẻ của phụ huynh trong cuộc trò chuyện đó.",https://thanhnien.vn/giao-vien-lam-viec-voi-phu-huynh-ton-trong-tuyet-doi-thong-tin-ca-nhan-hoc-sinh-185240724154326527.htm
2024-07-24 16:10:00,ĐH Huế vừa công bố ngưỡng đảm bảo chất lượng đầu vào (điểm sàn) tuyển sinh ĐH hệ chính quy theo phương thức sử dụng kết quả thi tốt nghiệp THPT năm 2024.,https://thanhnien.vn/diem-san-dh-hue-cac-nganh-thuoc-truong-su-pham-co-diem-cao-nhat-185240724145757402.htm
2024-07-24 11:43:00,"Sợ con thất nghiệp, công việc không ổn định hay định kiến về các ngành nghệ thuật là rào cản khiến phụ huynh khó xử khi con muốn chọn theo nghề đạo diễn.",https://thanhnien.vn/con-dam-me-nganh-dao-dien-phu-huynh-luong-lu-185240724014330166.htm
2024-07-24 10:54:00,"Kết thúc thời gian đăng ký tuyển giáo viên cho năm học mới, Sở GD-ĐT TP.HCM đã thông báo ứng viên đủ điều kiện dự tuyển, tỷ lệ 'chọi' từng vị trí việc làm.",https://thanhnien.vn/tuyen-giao-vien-tai-tphcm-ty-le-choi-la-1-34-voi-mon-vat-ly-185240724103146387.htm
2024-07-24 09:22:00,Trường ĐH Khoa học sức khỏe (ĐH Quốc gia TP.HCM) vừa công bố điểm sàn theo phương thức điểm thi tốt nghiệp THPT năm 2024.,https://thanhnien.vn/truong-dh-khoa-hoc-suc-khoe-cong-bo-diem-san-phuong-thuc-diem-thi-tot-nghiep-thpt-1852407240905186.htm
2024-07-24 17:42:00,Nếu thí sinh biết điểm thi tốt nghiệp THPT 2024 chỉ bằng điểm sàn thì sẽ rất khó khăn trong việc lựa chọn ngành học để xét tuyển. Vậy nên quyết định như thế nào?,https://thanhnien.vn/diem-thi-tot-nghiep-bang-diem-san-chon-nguyen-vong-1-vao-nhom-nganh-suc-khoe-va-su-pham-the-nao-185240724171859679.htm
2024-07-24 17:19:00,Hội Vật lý Toán quốc tế (International Association of Mathematical Physics - IAMP) chính thức chọn trường Đại học (ĐH) Duy Tân (DTU) ở Việt Nam làm địa điểm tổ chức Hội nghị Vật lý Toán quốc tế (International Congress of Mathematical Physics - ICMP) diễn ra vào năm 2027.,https://thanhnien.vn/viet-nam-dang-cai-hoi-nghi-the-gioi-ve-vat-ly-toan-icmp-2027-tai-dh-duy-tan-185240724171740829.htm
2024-07-24 09:08:00,"Sau khi biết điểm sàn khối ngành sức khỏe, nhiều thí sinh có mức điểm ngang với điểm sàn ngành y khoa hoặc cao hơn một chút lo lắng không biết nếu đăng ký xét tuyển liệu có cơ hội đậu?",https://thanhnien.vn/bao-nhieu-diem-se-co-co-hoi-trung-tuyen-nganh-y-khoa-185240723221110912.htm
2024-07-24 08:34:00,Nhờ kết quả phúc khảo kỳ thi học sinh giỏi quốc gia mà Trần Duy mới được dự thi chọn đội tuyển IMO Việt Nam 2024. Duy là thủ khoa kỳ thi chọn này và đoạt huy chương bạc IMO 2024 được tổ chức tại Anh.,https://thanhnien.vn/tu-suyt-khong-duoc-thi-chon-doi-tuyen-den-huy-chuong-bac-toan-quoc-te-185240724074622036.htm
2024-07-24 07:07:00,"Nhiều thí sinh lo ngại điểm thi chỉ bằng điểm sàn thì có nên đăng ký xét tuyển hay không, hoặc điểm thi rất cao thì khi đăng ký nguyện vọng mới có cần sử dụng thêm nguyện vọng đã trúng tuyển sớm, có cần thêm các phương án dự phòng?...",https://thanhnien.vn/xet-tuyen-dh-de-khong-bo-lo-kha-nang-trung-tuyen-185240723215015488.htm
2024-07-24 06:05:00,"Theo chuyên gia và đại diện tuyển sinh trường nước ngoài, chương trình phổ thông thay đổi có thể tác động đến chính sách tuyển sinh, tuy nhiên sẽ không ảnh hưởng đến quyền lợi học tập của du học sinh Việt.",https://thanhnien.vn/viet-nam-day-chuong-trinh-moi-truong-dh-nuoc-ngoai-co-doi-cach-tuyen-sinh-185240723182340936.htm
2024-07-24 16:22:00,"Nghe tiếng con gái 8 tuổi đọc truyện tiếng Anh líu lo, chị Hoa (38 tuổi, nhân viên văn phòng), nhớ lại những ngày chật vật của mình khi học ngoại ngữ ở tuổi 30.",https://thanhnien.vn/cho-tre-hoc-tieng-anh-tu-be-ngon-ngu-thu-hai-hay-ngoai-ngu-185240724155410719.htm
2024-07-24 15:02:00,Trong khi mực nước hạ nguồn sông Mekong đang tăng nhanh do ảnh hưởng của bão số 2 thì ngược lại khu vực thượng nguồn mực nước khá thấp do các đập thủy điện tăng cường tích nước.,https://thanhnien.vn/bao-so-2-khien-muc-nuoc-song-mekong-ha-nguon-tang-nhanh-thuong-nguon-van-thap-185240724110810463.htm
2024-07-24 08:57:00,"Sau khi tăng mạnh vào tuần trước, vàng miếng SJC đã trở lại vị trí dẫn đầu về giá của mình khi cao hơn vàng nhẫn 2,2 triệu đồng/lượng. Tổ chức quốc tế tăng dự báo giá kim loại quý năm nay lên cao.",https://thanhnien.vn/gia-vang-hom-nay-2472024-vang-mieng-sjc-cao-hon-vang-nhan-22-trieu-dong-luong-185240724084638346.htm
2024-07-24 08:51:00,Giá USD trong nước đi ngang dù thế giới tăng trở lại.,https://thanhnien.vn/gia-usd-hom-nay-2472024-dam-chan-tai-cho-185240724081933642.htm
2024-07-24 08:39:00,"6 tháng đầu năm nay, các thương nhân đầu mối đã nhập khẩu 5,54 triệu tấn xăng dầu. Bộ Công thương yêu cầu 36 thương nhân đầu mối phải đảm bảo nguồn cung xăng dầu tiêu dùng trong nước trong 6 tháng cuối năm.",https://thanhnien.vn/6-thang-nhap-khau-554-trieu-tan-xang-dau-nguon-cung-co-du-tieu-dung-cuoi-nam-185240724081329089.htm
2024-07-24 06:19:00,"Cơn sốt giá cước tàu vận tải biển có dấu hiệu hạ nhiệt, nhiều cảng biển quan trọng bớt ách tắc nhưng áp lực chi phí vẫn đè nặng các doanh nghiệp khi đang vào mùa cao điểm vận chuyển trong năm.",https://thanhnien.vn/cuoc-tau-bien-kho-giam-sau-185240723212325301.htm
2024-07-24 16:54:00,"Trong bối cảnh đầy thách thức của nền kinh tế và thị trường, Dai-ichi Life Việt Nam vừa công bố kết quả kinh doanh khả quan trong 6 tháng đầu năm 2024 với tổng doanh thu phí bảo hiểm đạt gần 9.200 tỉ đồng, thị phần đạt 13%, tăng 0,5 điểm phần trăm so với cuối năm 2023, giữ vị trí Top 3 công ty bảo hiểm nhân thọ nước ngoài về tổng doanh thu phí bảo hiểm.",https://thanhnien.vn/dai-ichi-life-viet-nam-dat-gan-9200-ti-dong-tong-doanh-thu-phi-bao-hiem-185240724164954159.htm
2024-07-24 11:34:00,"Ngày thứ hai của Triển lãm Hàng không Quốc tế Farnborough Airshow 2024, ngay sau khi ký hợp đồng đặt hàng tàu bay A330neo, hãng hàng không Vietjet và Rolls-Royce, tập đoàn kỹ thuật và hàng không vũ trụ hàng đầu của Anh, vừa ký kết thỏa thuận cung cấp 40 động cơ Trent 7000 và dịch vụ kỹ thuật động cơ TotalCare cho 20 máy bay Airbus A330neo mới.",https://thanhnien.vn/vietjet-va-rolls-royce-ky-hop-dong-cung-cap-dong-co-va-dich-vu-ky-thuat-trent-7000-185240724113110858.htm
2024-07-24 10:26:00,"Một số ngân hàng thương mại tiếp tục tăng lãi suất huy động, trong khi đó trên thị trường mở, Ngân hàng Nhà nước (NHNN) cũng liên tục hút tiền về với khối lượng lớn.",https://thanhnien.vn/lai-suat-tiet-kiem-tang-ngan-hang-nha-nuoc-hut-tien-ve-185240724101733907.htm
2024-07-24 09:23:00,"Hệ thống siêu thị Co.opmart, Co.opXtra tuyển chọn 1.500 mặt hàng thiết yếu như gạo, các loại gia vị, nước chấm, thịt heo/bò/gà, thủy hải sản, rau xanh củ quả các loại, trái cây nhiệt đới và ôn đới, các loại nước giải khát… giúp gia đình Việt có bữa ăn ngon, chất lượng với giá tiết kiệm đến 50%.",https://thanhnien.vn/chon-su-an-tam-cho-moi-bua-an-1852407240918424.htm
2024-07-24 08:53:00,"Tòa án nhân dân TP.Thủ Đức (TP.HCM) đã quyết định hủy bỏ biện pháp ngăn chặn khẩn cấp tạm thời ""cấm thay đổi hiện trạng…"" công trình ở sân golf Đồi Cù (Đà Lạt).",https://thanhnien.vn/toa-an-thu-duc-huy-bo-quyet-dinh-khan-cap-tam-thoi-o-san-golf-doi-cu-185240724082621753.htm
2024-07-24 06:18:00,"Sở TN-MT TP.HCM đang gửi Ủy ban MTTQ VN TP.HCM và các quận huyện, TP.Thủ Đức dự thảo về hạn mức đất ở.",https://thanhnien.vn/tphcm-giam-han-muc-dat-o-tai-nhieu-quan-huyen-185240723211658611.htm
2024-07-24 08:00:00,"Suntory PepsiCo Việt Nam và Bộ NN-PTNT vừa ký kết hợp tác công - tư phát triển rừng bền vững, hướng đến mục tiêu bảo tồn - tái tạo nguồn nước và trung hòa carbon. Với hợp tác này, Suntory PepsiCo là một trong những công ty đầu tiên ở Việt Nam ký kết hợp tác với ngành Lâm nghiệp trong lĩnh vực phát triển rừng.",https://thanhnien.vn/suntory-pepsico-viet-nam-tien-phong-hop-tac-phat-trien-rung-bao-ton-nuoc-trung-hoa-carbon-185240723174333357.htm
2024-07-24 07:30:00,"Dù là nhu cầu mua nhà phố hay căn hộ chung cư, để ở hoặc đầu tư, người mua nhà đều có thể tìm được gói vay phù hợp với lãi suất chỉ 5,9%/năm, kỳ hạn cố định từ 6 - 24 tháng, miễn trả gốc tới 5 năm cùng nhiều ưu đãi vượt trội tại VIB.",https://thanhnien.vn/mua-nha-hay-can-ho-chung-cu-lai-suat-vib-chi-59-mien-goc-den-5-nam-185240723180418504.htm
2024-07-24 11:47:00,"Trước bối cảnh nhiều khó khăn trong 6 tháng đầu năm 2024, Công ty Nhiệt điện Duyên Hải tiếp tục đẩy mạnh triển khai nhiều giải pháp, phấn đấu hoàn thành các chỉ tiêu, nhiệm vụ đề ra trong 6 tháng cuối năm.",https://thanhnien.vn/nhiet-dien-duyen-hai-tap-trung-hoan-thanh-nhiem-vu-6-thang-cuoi-nam-185240724114540006.htm
2024-07-24 16:05:00,"Xem kết quả xổ số (KQXS), xổ số miền Bắc (XSMB), xổ số miền Nam (XSMN), xổ số miền Trung (XSMT), xổ số điện toán trực tiếp nhanh hôm nay thứ tư ngày 24.7.2024. KQXS Đồng Nai, KQXS Cần Thơ, KQXS Sóc Trăng, KQXS Đà Nẵng...",https://thanhnien.vn/ket-qua-xo-so-hom-nay-kqxs-xo-so-truc-tiep-thu-tu-ngay-2472024-185240724154948749.htm
2024-07-24 14:00:00,Phần Lan vươn mình trở thành hình mẫu của một quốc gia không sâu răng nhờ “chìa khóa” mang tên Xylitol. Hành trình cải thiện sức khỏe răng miệng cho người dân của quốc gia hạnh phúc nhất thế giới rất đáng để học hỏi.,https://thanhnien.vn/cach-phan-lan-xay-dung-thoi-quen-thong-minh-chinh-phuc-nu-cuoi-khoe-manh-voi-xylitol-18524072413280832.htm
2024-07-24 04:10:00,"Tin tức TP.HCM giảm hạn mức đất ở tại nhiều quận huyện; Việt Nam dạy chương trình mới, trường ĐH nước ngoài có đổi cách tuyển sinh?; TP.HCM tăng ưu đãi cho người dân ven kênh rạch... là các thông tin hấp dẫn bạn đọc có thể đón xem trên Báo Thanh Niên số ra ngày 24.7.2024.",https://thanhnien.vn/tin-tuc-dac-biet-tren-bao-in-thanh-nien-2472024-185240723212157097.htm
2024-07-24 08:52:00,"Cuốn hộ chiếu bên ngoài màu đỏ, bên trong màu tím và cho phép người cầm nó đi 195 điểm đến trên khắp thế giới mà không cần thị thực.",https://thanhnien.vn/khong-phai-nhat-hay-my-day-la-cuon-ho-chieu-quyen-luc-nhat-the-gioi-185240724082828027.htm
2024-07-24 08:33:00,"""Tại sao tôi phải tới du lịch Munich?"" - ""Chúng tôi có BMW!"" - câu trả lời của ông Benedikt Brandmeier (Giám đốc của Văn phòng Du lịch Munich - Đức) nghe hơi vô lý, nhưng lại vô cùng thuyết phục.",https://thanhnien.vn/toi-tham-dai-ban-doanh-cua-bmw-185240723140108465.htm
2024-07-24 17:53:00,"Các nhà khảo cổ phát hiện ra một tấm bia đá có niên đại 3.500 năm và khắc một trong những biên lai bán hàng lâu đời nhất thế giới trong quá trình khai quật ở tỉnh Hatay, Thổ Nhĩ Kỳ.",https://thanhnien.vn/hoa-don-co-nhat-the-gioi-cach-day-3500-nam-185240724165916224.htm
2024-07-24 17:51:00,"Từ ngày 1.8, Thái Lan sẽ triển khai chương trình phát 7 triệu đồng/người cho hơn 50 triệu người dân để kích thích nền kinh tế.",https://thanhnien.vn/thai-lan-phat-tien-cho-dan-tu-thang-8-1852407241658004.htm
2024-07-24 16:18:00,Có thông tin một sĩ quan tình báo quân sự Nga và vợ đã bị thương nặng sau khi chiếc xe hơi của họ phát nổ tại Moscow ngày 24.7.,https://thanhnien.vn/danh-bom-xe-tai-moscow-nan-nhan-bi-mat-chan-nghi-la-si-quan-tinh-bao-185240724161337508.htm
2024-07-24 14:51:00,Một chiếc máy bay nhỏ bị rơi và bốc cháy ngay sau khi cất cánh từ sân bay ở thủ đô Kathmandu của Nepal ngày 24.7.,https://thanhnien.vn/roi-may-bay-tai-nepal-18-nguoi-thiet-mang-18524072414414438.htm
2024-07-24 13:44:00,"Tỉ phú Elon Musk, Giám đốc điều hành (CEO) của Tesla, đã phủ nhận các thông tin xuất hiện vào tuần trước rằng ông đang có kế hoạch quyên góp 45 triệu USD/tháng cho siêu ủy ban hành động chính trị (Super PAC) mới của cựu Tổng thống Mỹ Donald Trump.",https://thanhnien.vn/ti-phu-elon-musk-phu-nhan-chuyen-rot-45-trieu-usd-thang-cho-ong-trump-185240724125831129.htm
2024-07-24 12:05:00,"Hạ nghị sĩ Andy Ogles thuộc đảng Cộng hòa vừa đưa ra các điều khoản luận tội Phó tổng thống Mỹ Kamala Harris, trong đó có cáo buộc bà che giấu tình trạng sức khỏe của Tổng thống Joe Biden.",https://thanhnien.vn/vua-tranh-cu-tong-thong-ba-harris-bi-phe-cong-hoa-cong-kich-don-dap-185240724114241027.htm
2024-07-24 09:45:00,Khuyến cáo mới được đưa ra sau khi ông Trump bị ám sát hụt trong vụ việc khiến Giám đốc Cơ quan Mật vụ Mỹ Kimberly Cheatle từ chức.,https://thanhnien.vn/mat-vu-my-khuyen-cao-ong-trump-khong-to-chuc-su-kien-lon-ngoai-troi-185240724093828093.htm
2024-07-24 12:03:00,Các nghiên cứu khoa học gần đây phát hiện ra một lớp kim cương dài 17 km ở ranh giới lớp vỏ và lõi của sao Thủy do ảnh hưởng của quá trình truyền nhiệt và áp suất.,https://thanhnien.vn/phat-hien-hanh-tinh-kim-cuong-trong-he-mat-troi-185240724115509531.htm
2024-07-24 11:48:00,Chủ tịch và tổng giám đốc của Công ty dược phẩm Kobayashi (Nhật Bản) đã từ chức để chịu trách nhiệm vụ 80 người tử vong liên quan sử dụng thực phẩm bổ sung gạo men đỏ.,https://thanhnien.vn/lanh-dao-cong-ty-kobayashi-tu-chuc-sau-be-boi-thuc-pham-bo-sung-185240724113928813.htm
2024-07-24 11:06:00,"Giới khoa học phát hiện cocaine trong cá mập, nhưng khó xác định những tác động tiềm tàng đối với sức khỏe con người, dù 'cocaine đã đi vào chuỗi thức ăn'.",https://thanhnien.vn/bat-ngo-phat-hien-nhieu-ca-map-ngoai-bien-duong-tinh-voi-ma-tuy-185240724110152273.htm
2024-07-24 11:04:00,Lãnh đạo cảnh sát Pennsylvania đã chia sẻ những chi tiết mới xung quanh vụ ám sát cựu Tổng thống Donald Trump vào ngày 13.7.,https://thanhnien.vn/5-tinh-tiet-moi-lien-quan-vu-am-sat-ong-trump-185240724103140309.htm
2024-07-24 11:02:00,"Giới chức Philippines lo ngại còn rất nhiều trường hợp người Trung Quốc giả làm công dân Philippines, trong bối cảnh một nữ thị trưởng bị nghi không phải người nước này.",https://thanhnien.vn/thi-truong-philippines-bi-nghi-la-nguoi-trung-quoc-con-hang-loat-truong-hop-tuong-tu-185240724102847.htm
2024-07-24 09:59:00,Thượng nghị sĩ Bob Menendez đã đệ đơn từ chức vào ngày 23.7 sau khi bị kết tội tham nhũng và làm đặc vụ cho chính phủ nước ngoài.,https://thanhnien.vn/bi-ket-toi-tham-nhung-thuong-nghi-si-my-tu-chuc-185240724091647175.htm
2024-07-24 08:15:00,Một số nhà lập pháp Mỹ đã lo ngại về sự an toàn khi hàng trăm người ủng hộ Palestine đã biểu tình gần các văn phòng làm việc.,https://thanhnien.vn/bao-dong-an-ninh-truoc-them-thu-tuong-israel-phat-bieu-tai-quoc-hoi-my-185240724075434927.htm
2024-07-24 09:38:00,Bão Gaemi và gió mùa tây nam đã mang đến mưa lớn cho khu vực thủ đô và các tỉnh phía bắc nước này Philippines và ảnh hưởng đến cuộc sống của khoảng 13 triệu người.,https://thanhnien.vn/bao-gaemi-do-bo-13-trieu-nguoi-philippines-bi-anh-huong-185240724093950048.htm
2024-07-24 06:06:00,"Thủ tướng Israel Benjamin Netanyahu đến Mỹ ngày 22.7. Đây là chuyến thăm và làm việc với các lãnh đạo Mỹ về những vấn đề như tìm kiếm thỏa thuận cứu con tin, đánh bại Hamas và đối phó Iran cùng các nhóm ủy nhiệm tại Trung Đông, theo Reuters.",https://thanhnien.vn/chuyen-cong-du-then-chot-cua-thu-tuong-israel-185240723211123687.htm
2024-07-24 08:00:00,Tổng thống Mỹ Joe Biden đã lần đầu xuất hiện sau một tuần cách ly vì mắc Covid-19 và sau khi rút lui khỏi cuộc đua vào Nhà Trắng năm 2024.,https://thanhnien.vn/tong-thong-biden-tai-xuat-hau-mac-covid-19-va-dung-tranh-cu-sap-phat-bieu-quan-trong-185240724075522071.htm
2024-07-24 07:34:00,Khảo sát mới của Reuters/Ipsos cho thấy Phó tổng thống Mỹ Kamala Harris dẫn trước cựu Tổng thống Donald Trump 2 điểm phần trăm trong cuộc đua vào Nhà Trắng.,https://thanhnien.vn/vua-nhap-cuoc-ba-kamala-harris-dan-truoc-ong-donald-trump-trong-khao-sat-moi-185240724072821467.htm
2024-07-24 07:36:00,Chính quyền yêu cầu người dân sơ tán khẩn cấp khỏi khu vực Jasper và công viên quốc gia Jasper thuộc tỉnh Alberta (Canada) khi đám cháy rừng dần mất kiểm soát.,https://thanhnien.vn/chay-rung-mat-kiem-soat-25000-nguoi-so-tan-khan-o-canada-185240724071215757.htm
2024-07-24 05:10:00,"Sau khi giành đủ số phiếu đại biểu cần thiết để trở thành ứng viên tổng thống của đảng Dân chủ, Phó tổng thống Mỹ Kamala Harris lần đầu vận động tranh cử trên vai trò mới tại bang chiến địa Wisconsin.",https://thanhnien.vn/ba-kamala-harris-chinh-thuc-tranh-cu-tong-thong-my-185240723211946129.htm
2024-07-24 06:58:00,"Hãng AFP đưa tin mưa lớn đã gây ra trận lở đất tại Ethiopia, khiến ít nhất 229 người thiệt mạng.",https://thanhnien.vn/it-nhat-229-nguoi-chet-trong-vu-lo-dat-o-ethiopia-185240724063653434.htm
2024-07-24 05:59:00,"Ngày 23.7, Bộ Quốc phòng Nga tuyên bố kiểm soát thêm 1 làng ở Donetsk, trong lúc Ngoại trưởng Ukraine Dmytro Kuleba đến Bắc Kinh đối thoại trực tiếp với Trung Quốc về các phương án nhằm dàn xếp cuộc xung đột với Nga.",https://thanhnien.vn/chien-su-ukraine-ngay-881-ngoai-truong-ukraine-den-trung-quoc-tim-huong-hoa-dam-185240723211042952.htm
2024-07-24 19:23:00,"Sở Y tế Hà Nội vừa ban hành Kế hoạch số 212/KH-SYT về việc bảo đảm công tác y tế và phòng chống dịch phục vụ lễ tang Tổng Bí thư Nguyễn Phú Trọng, bao gồm sẵn sàng các đội cấp cứu, cơ sở điều trị; đảm bảo an toàn thực phẩm và ứng phó nếu có tình huống dịch bệnh.",https://thanhnien.vn/y-te-ha-noi-san-sang-phuc-vu-le-tang-tong-bi-thu-nguyen-phu-trong-185240724174140156.htm
2024-07-24 16:41:00,"Nhiều người không thể thiếu tách cà phê để khởi đầu ngày mới. Thậm chí ở một số quốc gia, cà phê là thức uống số một được tiêu thụ hằng ngày.",https://thanhnien.vn/tac-dung-khong-ngo-cua-ca-phe-doi-voi-tim-gan-va-nao-185240724164118909.htm
2024-07-24 13:15:00,"Bệnh nhân nam 47 tuổi (ngụ tại quận Tân Phú, TP.HCM) đến khám tại Bệnh viện Da liễu TP.HCM trong tình trạng da vùng chân xuất hiện nhiều vết thương dài, mảng hồng ban sưng nề, có những vùng bị loét sâu kèm mủ vàng đục.",https://thanhnien.vn/tphcm-nhieu-nguoi-bi-noi-hong-ban-sung-ne-da-do-tiep-xuc-sua-bien-185240724125118803.htm
2024-07-24 11:58:00,"Theo các chuyên gia, sử dụng đồ uống có đường là một trong những nguyên nhân gây ra gánh nặng về các bệnh không lây nhiễm, trong đó có bệnh đái tháo đường.",https://thanhnien.vn/15-nam-toi-du-bao-viet-nam-co-hon-6-trieu-nguoi-mac-benh-dai-thao-duong-185240724111440803.htm
2024-07-24 09:14:00,"Mùa mưa sẽ khiến các bệnh nhiễm trùng mắt dễ xảy ra hơn. Điều này là do mưa và gió sẽ làm độ ẩm không khí tăng lên. Đây là điều kiện hết sức thuận lợi để vi khuẩn, virus phát triển. Mọi người đều có thể mắc các bệnh viêm nhiễm ở mắt, đặc biệt là trẻ em.",https://thanhnien.vn/4-benh-mat-vao-mua-mua-can-de-phong-18524072316231073.htm
2024-07-24 04:05:00,Hà Nội và một số địa phương tiếp tục ghi nhận các ca bệnh ho gà. Một số dịch bệnh lưu hành được cảnh báo sẽ gia tăng.,https://thanhnien.vn/khong-chu-quan-voi-nhung-con-ho-o-tre-nho-185240723180122541.htm
2024-07-24 18:07:00,"Kem dưỡng mắt Image Skincare ngày càng được tín đồ skincare trên toàn thế giới tin dùng. Đây cũng là dòng sản phẩm được tin tưởng sử dụng trong các liệu trình điều trị thâm mắt, bọng mắt và cải thiện nếp nhăn, vết chân chim…",https://thanhnien.vn/review-kem-mat-image-skincare-co-tot-khong-va-top-5-san-pham-duoc-danh-gia-cao-185240724180508146.htm
2024-07-24 17:43:00,"Liên đoàn Bóng đá Việt Nam (VFF) nhấn mạnh lại chỉ tiêu vào chung kết AFF Cup (tên mới là ASEAN Championship 2024) cách nay ít ngày. Đây là động thái VFF muốn làm giảm áp lực cho HLV Kim Sang-sik, nhưng đội tuyển Việt Nam có thể mơ về ngôi vô địch.",https://thanhnien.vn/vff-khong-tao-ap-luc-vo-dich-aff-cup-doi-tuyen-viet-nam-van-co-the-vuot-chi-tieu-185240724173202132.htm
2024-07-24 17:34:00,"Bất chấp cái lạnh và mưa rét trời Âu, hàng ngày đều đặn nữ rowing VĐV Phạm Thị Huệ thức dậy từ 5 giờ sáng, bắt xe đến xã Vaires-sur-Marne tập luyện chờ tranh tài tại Olympic Paris 2024.",https://thanhnien.vn/tay-cheo-pham-thi-hue-khong-xach-nuoc-mam-sang-phap-mo-sang-vuot-ret-san-sang-dau-olympic-185240724172831943.htm
2024-07-24 15:35:00,"Trong 27 lần nội dung bóng đá nam được tổ chức tại các kỳ Olympic, chỉ có 4 lần đội chủ nhà giành HCV. Riêng ở 7 kỳ Thế vận hội gần nhất, các đội tuyển của châu Âu chưa hề vô địch.",https://thanhnien.vn/bong-da-nam-olympic-chu-nha-phap-giat-minh-thot-thot-dan-em-messi-gay-lo-so-185240724152449742.htm
2024-07-24 17:04:00,"Đội tuyển U.19 Việt Nam đã thi đấu đầy nỗ lực ở lượt trận cuối vòng bảng để giành chiến thắng đậm 4-1 trước U.19 Lào. Trong đó, Quang Dũng có lần thứ 3 ghi bàn đẹp mắt ở giải U.19 Đông Nam Á 2024.",https://thanhnien.vn/quang-dung-lien-tiep-ghi-sieu-pham-u19-viet-nam-thang-thuyet-phuc-u19-lao-185240724165434273.htm
2024-07-24 13:39:00,"Trong những ngày tham dự Olympic Paris 2024, đoàn thể thao Việt Nam và các đoàn khác luôn nhận những đãi ngộ đặc biệt từ chủ nhà Pháp.",https://thanhnien.vn/doan-the-thao-viet-nam-da-den-phap-an-toan-duoc-tiep-don-dac-biet-tai-lang-olympic-185240724132930835.htm
2024-07-24 11:23:00,Nhà vô địch cưỡi ngựa Charlotte Dujardin bị gạch tên khỏi Olympic Paris do những cáo buộc liên quan đến hành vi ngược đãi động vật.,https://thanhnien.vn/nha-vo-dich-cuoi-ngua-bi-cam-du-olympic-vi-nguoc-dai-ngua-cho-dieu-tra-18524072411095288.htm
2024-07-24 11:46:00,"Môn bóng đá nam Olympic Paris 2024 khởi tranh ngày 24.7, với lịch thi đấu cả 4 bảng đều có các trận ra quân, trong đó đội tuyển Olympic Argentina gặp Ma Rốc và đội Tây Ban Nha gặp Uzbekistan cùng 20 giờ.",https://thanhnien.vn/lich-thi-dau-mon-bong-da-nam-olympic-paris-2024-argentina-ra-quan-ai-da-chinh-185240724114259273.htm
2024-07-24 10:15:00,"45.000 sĩ quan cảnh sát và hiến binh, cùng 10.000 binh lính Pháp đã được huy động để đảm bảo an ninh cho lễ khai mạc Olympic Paris.",https://thanhnien.vn/khai-mac-olympic-siet-chat-an-ninh-toi-da-hon-50000-si-quan-va-binh-linh-san-sang-185240723161603437.htm
2024-07-24 10:43:00,"Theo tờ Marca (Tây Ban Nha), HLV Mourinho đã trải qua đến 1.596 ngày mới trở lại giải đấu Champions League danh giá nhất châu Âu, sau khi ông cùng CLB Fenerbahce có trận thắng Lugano với tỷ số 4-3 tại vòng sơ loại thứ 2, ngày 24.7.",https://thanhnien.vn/tuong-bien-mat-hoan-toan-khoi-champions-league-hlv-mourinho-tro-lai-sung-sung-185240724103709164.htm
2024-07-24 09:49:00,"Theo dữ liệu của giải MLS (Mỹ) vừa công bố, doanh số bán áo đấu trên toàn giải đã tăng 17% trong năm qua, trong đó chiếc áo số 10 của Messi là chiếc áo được ưa chuộng nhất.",https://thanhnien.vn/mls-cong-bo-ky-luc-moi-messi-lai-danh-bai-ronaldo-nhan-vinh-danh-kho-tin-185240724094425019.htm
2024-07-24 09:42:00,"Cuộc cạnh tranh 2 tấm vé nhất, nhì ở bảng B vào bán kết giải bóng chuyền nữ quốc tế Thượng Hải Future 2024 đầy gay cấn, đội tuyển bóng chuyền nữ Việt Nam buộc phải thắng.",https://thanhnien.vn/gay-can-giai-thuong-hai-future-stars-doi-tuyen-bong-chuyen-nu-viet-nam-phai-thang-185240724094011611.htm
2024-07-24 05:46:00,Liên đoàn Bóng đá thế giới (FIFA) thông báo CLB nữ Hà Nội sẽ nhận được gần 126.000 USD nhờ việc có 8 cầu thủ trong đội hình dội tuyển nữ Việt Nam tham dự World Cup 2023.,https://thanhnien.vn/thanh-nha-va-clb-ha-noi-duoc-fifa-tang-qua-cuc-bat-ngo-29-ti-dong-185240724053434719.htm
2024-07-24 04:16:00,Đoàn thể thao Việt Nam (VN) đã đến Paris để sẵn sàng bước vào tranh tài tại Olympic 2024 với hy vọng sẽ vượt qua chính mình và tiếp cận huy chương.,https://thanhnien.vn/nhung-ngay-dau-cua-the-thao-viet-nam-tai-paris-phap-khong-to-chuc-le-thuong-co-185240723161631125.htm
2024-07-24 03:16:00,"Hai gương mặt trẻ Võ Thị Mỹ Tiên (bơi), Trần Thị Nhi Yến (điền kinh) đến Olympic Paris 2024 với tấm vé đặc cách. Đó là phần thưởng để cả 2 có động lực hướng đến thành tích cao trong tương lai.",https://thanhnien.vn/chinh-phuc-dinh-olympic-ban-dap-cho-tuong-lai-lan-gio-mat-tu-2-tai-nang-19-tuoi-185240723161658266.htm
2024-07-24 12:01:00,UBND TP.HCM đã lên kế hoạch chi tiết lịch viếng Tổng Bí thư Nguyễn Phú Trọng diễn ra tại Hội trường Thống Nhất trong 2 ngày 25 và 26.7.,https://thanhnien.vn/chi-tiet-lich-vieng-tong-bi-thu-nguyen-phu-trong-tai-hoi-truong-thong-nhat-185240724105039644.htm
2024-07-24 06:33:00,"Nhiều học giả, chuyên gia các vấn đề quốc tế đã chia sẻ với Thanh Niên về vị thế Việt Nam trong thời gian Tổng Bí thư Nguyễn Phú Trọng lãnh đạo đất nước.",https://thanhnien.vn/hoc-gia-quoc-te-noi-ve-vi-the-viet-nam-185240723215618688.htm
2024-07-24 06:19:00,"Với những người bạn học K8 khoa Ngữ văn, Trường ĐH Tổng hợp Hà Nội, Tổng Bí thư Nguyễn Phú Trọng đã thực sự sống một cuộc đời 'không sống hoài, sống phí'…",https://thanhnien.vn/khat-vong-khong-song-hoai-song-phi-185240723202404905.htm
2024-07-24 09:02:00,"Về thăm xã Dur Kmăl, H.Krông Ana, Đắk Lắk năm 2018, Tổng Bí thư nhắn nhủ, trong việc làm ăn đầu tiên là phải đoàn kết, đoàn kết là sức mạnh của dân tộc Việt Nam, không có đoàn kết là không làm gì được.",https://thanhnien.vn/buon-lang-khac-ghi-loi-day-cua-tong-bi-thu-nguyen-phu-trong-185240723094338745.htm
2024-07-24 10:49:00,Đây là một nội dung trong phiên họp Chính phủ chuyên đề về xây dựng pháp luật tháng 7.2024 do Thủ tướng chủ trì ngày 24.7.,https://thanhnien.vn/chinh-phu-thao-luan-ve-chu-truong-dau-tu-duong-sat-toc-do-cao-185240724102704152.htm
2024-07-24 10:35:00,"Do mưa lớn kéo dài 1 ngày nên nhiều tuyến phố tại thủ đô Hà Nội sáng nay 24.7 chìm trong biển nước, nhiều khu vực ngập sâu khoảng nửa mét.",https://thanhnien.vn/ha-noi-ngap-nua-ngay-khong-rut-nguoi-dan-boi-trong-bien-nuoc-18524072410192627.htm
2024-07-24 15:18:00,Nhiều đoàn đại biểu quốc tế sẽ tham dự Quốc tang Tổng Bí thư Nguyễn Phú Trọng.,https://thanhnien.vn/nhieu-doan-quoc-te-du-tang-le-tong-bi-thu-nguyen-phu-trong-tai-ha-noi-185240724144739459.htm
2024-07-24 15:06:00,"Mưa lớn, sạt lở đất do ảnh hưởng của bão số 2 đã gây nhiều thiệt hại về người và tài sản tại Sơn La.",https://thanhnien.vn/mua-lu-sat-lo-dat-gay-nhieu-thiet-hai-tai-son-la-185240724134736306.htm
2024-07-24 07:05:00,"Tin tức thời tiết hôm nay 24.7.2024, theo dự báo Bắc bộ và Thanh Hóa có mưa vừa, mưa to, có nơi mưa rất to với tổng lượng mưa phổ biến từ 40 - 100 mm, cục bộ có nơi trên 180 mm.",https://thanhnien.vn/tin-tuc-thoi-tiet-hom-nay-2472024-mien-bac-tiep-tuc-mua-lon-185240724065744549.htm
2024-07-24 18:37:00,"Công an tỉnh Thừa Thiên - Huế vừa tổ chức lễ truy tặng Huân chương Bảo vệ Tổ quốc hạng ba cho trung tá Trần Duy Hùng, Phó trưởng công an P.Thủy Vân (TP.Huế, Thừa Thiên - Huế), đã anh dũng hy sinh khi làm nhiệm vụ.",https://thanhnien.vn/truy-tang-huan-chuong-bao-ve-to-quoc-cho-pho-cong-an-phuong-hy-sinh-185240724173703764.htm
2024-07-24 18:34:00,"Tỉnh Vĩnh Phúc vừa điều động ông Nguyễn Phú Sơn, Giám đốc Sở Nội vụ tỉnh Vĩnh Phúc, làm Giám đốc Sở GD-ĐT, thay cho giám đốc cũ đã được điều động nhận nhiệm vụ mới.",https://thanhnien.vn/giam-doc-so-noi-vu-vinh-phuc-duoc-dieu-dong-lam-giam-doc-so-gd-dt-185240724181739485.htm
2024-07-24 18:31:00,"Trong vòng 2 năm, Nguyễn Quang Huy (TP.Hạ Long, Quảng Ninh) đã làm 1.200 hợp đồng cho vay nặng lãi với mức lãi suất ""cắt cổ"", từ 36%/năm đến 180%/năm, để đút túi hơn 3 tỉ đồng.",https://thanhnien.vn/khoi-to-bi-can-cho-vay-nang-lai-dut-tui-hon-3-ti-dong-185240724180013658.htm
2024-07-24 18:25:00,"Ngày 23.7, Công ty Thoát nước và xử lý nước thải TP.Đà Nẵng cho biết đã vớt 10 tấn xác cá và sử dụng 3,5 tấn vôi để làm vệ sinh môi trường, giảm thiểu mùi hôi do cá chết gây ra.",https://thanhnien.vn/ca-chet-hang-loat-o-da-nang-vot-10-tan-xac-ca-truy-vet-nguon-nuoc-185240724164720277.htm
2024-07-24 18:02:00,"Do lượng khách du lịch cùng phương tiện mắc kẹt tại đảo Cát Bà tránh bão số 2 lên tới gần 4.000 người và trên 400 phương tiện xe cơ giới, bến phà Đồng Bài - Cái Viềng dự kiến chiều nay mới hoàn tất việc vận chuyển hết số hành khách và phương tiện rời đảo, trở lại đất liền.",https://thanhnien.vn/7-pha-hoat-dong-lien-tuc-dua-4000-nguoi-mac-ket-o-dao-cat-ba-ve-dat-lien-185240724144301895.htm
2024-07-24 17:34:00,"Công an tỉnh Vĩnh Long phát thông báo tìm bị hại trong vụ án lừa đảo đưa người đi xuất khẩu lao động, chiếm đoạt hơn 2 tỉ đồng.",https://thanhnien.vn/vinh-long-tim-bi-hai-trong-vu-an-lua-dao-di-xuat-khau-lao-dong-185240724163205937.htm
2024-07-24 15:30:00,Ban Tuyên giáo T.Ư phối hợp Tỉnh ủy Tây Ninh tổ chức chuỗi hoạt động ý nghĩa nhân kỷ niệm 77 năm ngày Thương binh - liệt sĩ (27.7.1947 – 27.7.2024).,https://thanhnien.vn/truong-ban-tuyen-giao-tu-dang-huong-tai-nghia-trang-liet-si-doi-82-185240724130949843.htm
2024-07-24 11:12:00,"Từ nhiều năm trước, một số cựu lãnh đạo UBND xã Minh Thuận đã giao đất thu tiền, đấu thầu… chuyển đổi mục đích sử dụng đất cho 130 hộ dân trái thẩm quyền, thu hơn 12,4 tỉ đồng để ngoài sổ sách.",https://thanhnien.vn/khoi-to-hang-loat-cuu-can-bo-xa-lien-quan-den-sai-pham-dat-dai-185240724092132521.htm
2024-07-24 06:57:00,"Thừa phát lại không được ghi nhận sự kiện, hành vi để chuyển quyền sử dụng, quyền sở hữu đất đai, tài sản không có giấy tờ chứng minh quyền sử dụng, quyền sở hữu.",https://thanhnien.vn/thua-phat-lai-khong-duoc-lam-nhung-gi-trong-mua-ban-nha-dat-185240723191247239.htm
2024-07-24 14:45:00,"Run run lật lại những kỷ niệm, cụ ông Vũ Ngọc Huỳnh (cựu giáo viên Trường THPT Nguyễn Gia Thiều, Hà Nội) năm nay đã gần 90 tuổi, vẫn đọc rõ từng câu thơ, nhớ từng hình ảnh về lứa học trò năm ấy. Trong số đó, thầy giáo già nhớ mãi người học trò điềm đạm, giản dị mà sau này là Tổng Bí thư Nguyễn Phú Trọng.",https://thanhnien.vn/tong-bi-thu-nguyen-phu-trong-trong-ky-uc-nguoi-thay-cham-chi-phan-dau-dung-mot-thu-sinh-185240723141610719.htm
2024-07-24 16:51:00,Một chiếc máy bay của Hãng hàng không Saurya Airlines đã bị rơi trong lúc cất cánh tại thủ đô Kathmandu của Nepal. Ít nhất 18/19 người thiệt mạng trong vụ tai nạn.,https://thanhnien.vn/may-bay-roi-it-nhat-18-nguoi-thiet-mang-o-nepal-1852407241619019.htm
2024-07-24 11:58:00,Kính mời quý vị theo dõi Bản tin ‘Xem nhanh 12h’ ngày 24.7.2024 của Báo Thanh Niên với nhiều thông tin đáng chú ý.,https://thanhnien.vn/xem-nhanh-12h-lu-cuon-cuon-o-son-la-nhieu-tuyen-pho-ha-noi-menh-mong-bien-nuoc-185240724110217567.htm
2024-07-24 14:15:00,"F-16 của Mỹ và Mirage 2000-5 của Pháp đều là những chiến đấu cơ xuất sắc, nhưng là máy bay tốt, nhưng cả 2 có lẽ chưa phải là máy bay phù hợp nhất của phương Tây dành cho Ukraine",https://thanhnien.vn/f-16-mirage-2000-chua-phai-la-lua-chon-chien-dau-co-tot-cho-ukraine-185240720085051655.htm
2024-07-24 14:30:00,"Với những người bạn học khóa 8 khoa Ngữ văn, Trường đại học Tổng hợp Hà Nội, Tổng Bí thư Nguyễn Phú Trọng đã thực sự sống một cuộc đời không 'sống hoài, sống phí'…",https://thanhnien.vn/ky-uc-ve-nguoi-ban-hoc-hien-tai-nguyen-phu-trong-danh-du-la-cai-cao-nhat-185240722102551121.htm
2024-07-24 17:42:00,"Hàng ngày, người dân TP.Thủ Đức (TP.HCM) phải căng mình, chạy xe máy song hành cùng đoàn xe container, xe đầu kéo trên đường Nguyễn Xiển, các phương tiện cách nhau chỉ vài gang tay. Đã có nhiều vụ tai nạn chết người xảy ra tại đây.",https://thanhnien.vn/khiep-via-canh-xe-may-song-hanh-cung-xe-container-18524072417023112.htm
2024-07-24 13:29:00,Nhà Trắng hôm 23.7 cho biết Giám đốc Cơ quan Mật vụ Mỹ Kimberly Cheatle đã từ chức sau khi cơ quan của bà trở thành tâm điểm chú ý vì không ngăn chặn được vụ ám sát hụt cựu Tổng thống Donald Trump.,https://thanhnien.vn/giam-doc-co-quan-mat-vu-my-tu-chuc-sau-vu-am-sat-hut-ong-trump-185240724112102213.htm
2024-07-24 09:33:00,"Vị tướng đứng đầu Bộ Tư lệnh châu Âu của NATO nhận định Ukraine có các chiến thuật xung đột ‘tuyệt vời’; trong khi đó, những bước tiến của Nga trên tiền tuyến và những lời kêu gọi không ngừng của tổng thống Ukraine về viện trợ quân sự lại vẽ nên một bức tranh khác.",https://thanhnien.vn/tuong-nato-ukraine-co-chien-luoc-tuyet-voi-dang-xay-dung-luc-luong-185240722180902686.htm
2024-07-24 09:12:00,"Công ty khởi nghiệp an ninh mạng Wiz không muốn bị Alphabet mua lại và quyết định phát hành cổ phiếu lần đầu ra công chúng, hay còn gọi là IPO.",https://thanhnien.vn/cong-ty-an-ninh-mang-che-loi-chao-moi-tri-gia-23-ti-usd-tu-alphabet-185240723191224536.htm
2024-07-24 08:35:00,"Thái Lan đã ghi nhận khoảng 19,6 triệu lượt khách du lịch nước ngoài tính đến ngày 21.7, tăng 34% so với cùng kỳ năm trước.",https://thanhnien.vn/thai-lan-thu-hut-luong-du-khach-quoc-te-ky-luc-185240723192542484.htm
2024-07-24 16:46:00,Diễn viên Kinh Quốc khẳng định anh không liên quan đến việc kinh doanh của vợ và tiết lộ lý do giữ cuộc sống kín tiếng thời gian qua.,https://thanhnien.vn/dien-vien-kinh-quoc-toi-khong-dung-ten-bat-ky-tai-san-gi-185240724153822809.htm
2024-07-24 14:24:00,"'Mẹ luôn bên tôi chia sẻ những thăng trầm, thành bại, vui buồn. Tôi hạnh phúc khi mẹ bây giờ là người bạn, cùng tôi trên con đường đạo', NSND Thanh Lam tâm sự.",https://thanhnien.vn/nsnd-thanh-lam-tiet-lo-ve-me-ruot-tung-duoc-menh-danh-hoa-khoi-nhac-vien-185240724132451588.htm
2024-07-24 07:15:00,Sự việc 'thánh ăn' Pan Xiaoting đột tử khi đang livestream một lần nữa gióng lên hồi chuông cảnh báo về những hiểm họa liên quan đến trào lưu mukbang trên mạng xã hội Trung Quốc.,https://thanhnien.vn/thanh-an-trung-quoc-dot-tu-khi-dang-livestream-va-loat-hiem-hoa-tu-mukbang-18524072322545593.htm
2024-07-24 07:04:00,"H.M, diễn viên từng tham gia sitcom 'Tiệm bánh hoàng tử bé' được mọi người quan tâm khi công khai dương tính với HIV.",https://thanhnien.vn/dien-vien-hm-noi-bi-duong-tinh-hiv-gan-3-thang-185240724001955963.htm
2024-07-24 16:52:00,'Những nẻo đường gần xa' tập 43: Nữ đại gia Diễm ra điều kiện ký hợp đồng với Dũng; Vinh tuyên bố với em họ rằng Đông là bạn gái; Hùng có khách hàng nữ đến tận cửa hàng 'thả thính' .,https://thanhnien.vn/nhung-neo-duong-gan-xa-tap-43-dung-chon-doi-tinh-voi-nu-dai-gia-185240724130923311.htm
2024-07-24 16:44:00,"'Mình yêu nhau, bình yên thôi' tập 103: Lan đi siêu âm thai một mình; Lâm không nỡ nói lời chia tay Ngọc nên đưa cô đi ăn làm hòa.",https://thanhnien.vn/minh-yeu-nhau-binh-yen-thoi-tap-103-vi-sao-lan-giau-chuyen-mang-thai-185240724144446074.htm
2024-07-24 15:33:00,"Sau khi rời công ty YG Entertainment, bốn thành viên BlackPink gồm Jennie, Lisa, Rosé và Jisoo có những hướng đi riêng.",https://thanhnien.vn/4-thanh-vien-blackpink-ra-sao-sau-khi-roi-yg-entertainment-185240724124154619.htm
2024-07-24 14:20:00,"Ở tập mới nhất 'Bạn muốn hẹn hò', chàng trai 34 tuổi tỏ ra nhút nhát, kiệm lời khi được Quyền Linh mai mối với cô gái hoạt ngôn. Thậm chí, anh còn cho biết bố mẹ ép đến chương trình khiến cô gái từ chối bấm nút hẹn hò.",https://thanhnien.vn/chang-trai-nhut-nhat-bi-tu-choi-vi-tiet-lo-bo-me-ep-den-show-hen-ho-185240724131132452.htm
2024-07-24 14:09:00,"Tuy đã treo phướn quảng cáo, chuẩn bị sân khấu và tập chương trình nhưng Long Nhật vẫn quyết định đổi ngày tổ chức liveshow.",https://thanhnien.vn/ca-si-long-nhat-doi-ngay-to-chuc-liveshow-35-nam-185240724112501714.htm
2024-07-24 08:18:00,"Trong những tập gần đây của phim 'Những nẻo đường gần xa', diễn biến tâm lý, tình cảm của nữ chính do Cù Thị Trà thể hiện thực sự gây ức chế vì kiểu 'yêu cuồng sống vội'.",https://thanhnien.vn/khan-gia-binh-phim-viet-nu-chinh-cu-thi-tra-bi-lua-tinh-cung-dang-185240723113739815.htm
2024-07-24 15:00:00,"Trang điểm trước khi ra đường là một phần không thể thiếu của các bạn trẻ ngày nay. Dù là đi chơi, đến trường hay chỗ làm việc, các bạn trẻ vẫn muốn mình luôn xinh đẹp, tươi tắn, rạng ngời nhất có thể.",https://thanhnien.vn/gai-xinh-truoc-khi-ra-ngoai-phai-trang-diem-moi-thay-tu-tin-185240722165143297.htm
2024-07-24 13:19:00,"Vừa thi xong kỳ thi tốt nghiệp THPT, Catherine Nguyễn Đặng cựu học sinh một trường THPT ở TP.Thủ Đức (TP.HCM) đã nhanh chóng lao vào công việc bán xôi. Nhờ sự lao động cần cù, chịu khó, nữ sinh đã có thu nhập khoảng 60 triệu đồng/tháng.",https://thanhnien.vn/nu-sinh-18-tuoi-kiem-60-trieu-dong-thang-nho-ban-xoi-185240724131922386.htm
2024-07-24 08:00:00,"Đã quá giờ trưa nhưng các sinh viên tình nguyện Mùa hè xanh của Trường ĐH Xây dựng miền Trung (Phú Yên) vẫn luôn tay trộn hồ, đẩy gạch để xây nhà nhân ái. Mồ hôi rơi, đôi bàn tay đã phồng nhưng chẳng bạn nào than mệt, than đau vì ai cũng mong có thể hoàn thành công trình trước tiến độ.",https://thanhnien.vn/ve-vung-xa-xay-nha-nhan-ai-185240723161529784.htm
2024-07-24 07:00:00,"""Có lần, trong tình huống hiến máu cấp cứu, vợ đi công tác, tôi phải bồng con đến bệnh viện trong đêm để điều hành việc hiến máu…"", đó là lời chia sẻ của ông Đoàn Văn Hòa (Phó ban Phong trào Hội Chữ thập đỏ TP.Đà Nẵng) trong công tác hiến máu tình nguyện tại TP.Đà Nẵng.",https://thanhnien.vn/hon-30-nam-het-minh-vi-giot-mau-hy-vong-185240723161442171.htm
2024-07-24 06:00:00,"Với điểm trung bình tích lũy là 3.93/4, Nguyễn Hữu Luân, sinh viên ngành sư phạm tiếng Anh, Trường ĐH Sư phạm TP.HCM, đã xuất sắc trở thành tân thủ khoa toàn trường trong đợt tốt nghiệp lần này.",https://thanhnien.vn/chang-trai-tung-ngung-hoc-vi-ap-luc-nay-tro-thanh-tan-thu-khoa-185240723161416241.htm
2024-07-24 12:36:00,"Ngoài những mẫu xe ""quen mặt"" như Mazda CX-5, Ford Everest hay Kia Sonet... nửa đầu năm 2024, người dùng ô tô Việt còn dành sự ""ưu ái"" cho một số ""tân binh"" ở phân khúc ô tô đa dụng (SUV/crossover) như Mitsubishi Xforce hay Toyota Yaris Cross.",https://thanhnien.vn/5-mau-suv-crossover-duoc-nguoi-viet-san-don-nhat-nua-dau-nam-2024-185240724052857923.htm
2024-07-24 13:47:00,"Mang phong cách maxi-scooter, Yamaha Lexi 155 VVA ABS trang bị nhiều công nghệ, đồng thời có giá khá ""mềm"" tại Việt Nam, chỉ từ 48,5 triệu đồng; hứa hẹn là đối thủ ""đáng gờm"" của Honda Vario 160.",https://thanhnien.vn/gia-tu-485-trieu-yamaha-lexi-155-vva-abs-co-gi-canh-tranh-honda-vario-160-185240724044758534.htm
2024-07-24 09:18:00,"Hơn 1.000 tăng ni, phật tử, đông đảo người dân đã đến tham gia đại lễ cầu siêu, tri ân các anh hùng liệt sĩ do Giáo hội Phật giáo Việt Nam tỉnh Quảng Trị tổ chức tại TX.Quảng Trị.",https://thanhnien.vn/quang-tri-to-chuc-dai-le-cau-sieu-tri-an-cac-anh-hung-liet-si-185240724081637719.htm
2024-07-24 06:57:00,"Tòa nhà này được bà de la Souchère (Madame de la Souchère), chủ đồn điền cao su, cho xây vào năm 1927. Xây được không lâu thì khủng hoảng kinh tế thế giới xảy ra năm 1929.",https://thanhnien.vn/biet-thu-cua-ba-de-la-souchere-nha-thieu-nhi-thanh-pho-185240723215929506.htm
2024-07-24 14:05:00,"Nghệ sĩ Nhật Bản đa tài Noriko Ohara, được biết đến trong giới anime khi lồng tiếng cho nhân vật Nobita trong loạt phim Doraemon, đã qua đời vào ngày 12.7.",https://thanhnien.vn/nu-dien-vien-long-tieng-cho-nobita-trong-phim-doraemon-qua-doi-185240724135247865.htm
2024-07-24 10:09:00,"Sau ca khúc 'Now and Then' khiến người hâm mộ không khỏi xôn xao vào năm ngoái - như sự trở lại của các thành viên sau 5 thập kỷ, The Beatles một lần nữa 'tái xuất' với 2 bộ phim sẽ được trình chiếu tại LHP Venice 2024.",https://thanhnien.vn/the-beatles-tai-xuat-tai-lien-hoan-phim-venice-2024-185240724095239881.htm
2024-07-24 06:55:00,"Hiện tại rạp Việt chứng kiến sự đổ bộ của một loạt phim ngoại, chiếm lĩnh hoàn toàn các suất chiếu lẫn doanh thu phòng vé; còn phim Việt thì mất hút, không tạo sự chú ý nào cho khán giả.",https://thanhnien.vn/phim-viet-mat-hut-tai-rap-chieu-185240723223023952.htm
2024-07-24 17:51:00,Chỉ còn vài ngày nữa phim 'Deadpool & Wolverine' sẽ ra rạp. Những đánh giá sớm về tác phẩm cho thấy tín hiệu đáng mừng ngay trong chính ê kíp trước khi phim chính thức xuất xưởng.,https://thanhnien.vn/deadpool-wolverine-phim-cuu-roi-marvel-185240724160458944.htm
2024-07-24 16:11:00,"Trong ngõ chợ Khâm Thiên (Hà Nội), rất nhiều người ấn tượng với hình ảnh 'cô gái bán trứng' Trịnh Thị Thủy cùng nụ cười luôn rạng rỡ trên môi. Mặc dù căn bệnh quái ác từ chất độc da cam khiến sức khỏe bị ảnh hưởng nặng nề, nhưng tinh thần lạc quan và mong muốn được lan tỏa yêu thương đã giúp chị Thuỷ vượt qua mọi khó khăn, thử thách.",https://thanhnien.vn/hanh-trinh-lan-toa-yeu-thuong-voi-cong-dong-cua-co-gai-nhiem-chat-doc-da-cam-18524072415174433.htm
2024-07-24 10:03:00,Ngôi sao âm nhạc từng giành giải Grammy Celine Dion chào đón người hâm mộ bên ngoài khách sạn Royal Monceau ở thủ đô nước Pháp vào ngày 23.7.,https://thanhnien.vn/celine-dion-den-paris-chuan-bi-cho-su-tro-lai-bung-no-tai-olympic-2024-185240724093143217.htm
2024-07-24 09:00:00,"Tôi là người khiếm thính. Tôi sinh ra đã như vậy. Sau một thời gian theo dõi 'Góp tự sự, gửi cánh thư' trên các trang mạng xã hội, tôi muốn bày tỏ câu chuyện của mình tới mọi người…",https://thanhnien.vn/cau-chuyen-cua-cau-be-khiem-thinh-185240722171819245.htm
2024-07-24 06:57:00,"Bốn trong số năm thành viên của nhóm NSYNC (trừ Justin Timberlake hiện đang trong chuyến lưu diễn vòng quanh thế giới Forget Tomorrow) đã tham dự buổi ra mắt phim Deadpool & Wolverine hôm 22.7 tại nhà hát David H. Koch ở thành phố New York, Mỹ, theo Billboard.",https://thanhnien.vn/nhom-nsync-du-buoi-ra-mat-bom-tan-deadpool-wolverine-185240723220859599.htm
2024-07-24 06:56:00,Việc Nhà hát Hồ Gươm và Nhà hát Nhạc vũ kịch VN bắt tay nhau sản xuất chương trình được kỳ vọng sẽ thúc đẩy nghệ thuật cổ điển.,https://thanhnien.vn/khi-nha-hat-hop-tac-san-xuat-chuong-trinh-co-dien-185240723222944717.htm
